{"daily_streak": 1, "last_practice_date": "2026-03-12", "improvement_streak": 2, "personal_best_streak": 2, "best_wpm": 25.100241252979508, "last_wpm": 25.100241252979508}